clienteid;income;age;loan;default
1;66155.9;59;81065.3;0
2;34415.1;48;65647.4;0
3;57317.1;63;80209.5;0
4;42709.5;45;61036.4;0
5;66952.6;18;87700.9;1
6;24904;57;15498.5;0
7;48430.3;26;57225.8;0
8;24500.1;32;29710;1
9;40654.8;55;47558.2;0
10;25075.8;39;14092.3;0
11;64131.4;25;43510.2;0
12;59436.8;60;92542.4;0
13;61050.3;26;58932.6;0
14;27267.9;61;47597.8;0
15;63061.9;39;18503.6;0
16;50501.7;-2;39772.8;0
17;43548.6;39;39355.4;0
18;43378.1;60;32777.3;0
19;20542.3;61;31574.4;0
20;58887.3;26;49655.1;0
21;23000.7;31;11481.1;0
22;32197.6;-5;42440.5;0
23;23329.3;48;22262.2;0
24;27845.8;51;49599.2;0
25;65301.9;48;54652.6;0
26;47451.6;27;53612.8;0
27;63287;-3;95952.8;0
28;45727.4;55;63768.2;0
29;59417.8;;20826.2;0
30;58842.8;54;10871.1;0
31;48528.8;;61557.8;0
32;23526.3;;28620.1;0
33;67252.9;38;42213;0
34;58886.8;38;72715.5;0
35;57584.9;36;17284.2;0
36;26289.9;20;34114.6;0
37;25952.3;58;21092;0
38;32464;50;43267;0
39;60921;18;96883.6;0
40;26578.5;32;34898.4;1
41;66260.1;32;70355.8;0
42;58787.4;62;41677.8;0
43;62545.7;49;43629;0
44;24381.9;25;42270.1;1
45;67852.1;47;57305.8;0
46;41725.6;18;11852.1;0
47;41896.9;47;48922;0
48;44379.7;50;18143.3;0
49;28416.8;57;17889.7;0
50;68427.1;46;16580.7;0
51;35975.7;35;66103.6;0
52;57596.3;29;33443.8;0
53;29681.8;54;17458.7;0
54;51656.9;47;71581.3;0
55;24912.8;49;26769.6;0
56;47761.8;50;55497.9;0
57;22248.1;23;43649.7;1
58;29724.4;31;30753.4;0
59;52143.8;20;23930.9;0
60;56577.7;36;59474.2;0
61;37660.7;53;21295.9;0
62;37403.7;47;20440.4;0
63;31652.6;62;51510.7;0
64;32727.7;34;10879.1;0
65;69078.6;25;40765.8;0
66;40622.1;41;49499;0
67;37521;60;80120.7;0
68;30735.8;22;59468.2;1
69;24857.6;21;26921.6;0
70;33180.2;49;46219.9;0
71;66628.2;52;59928.8;0
72;38564.9;21;56041.6;1
73;33704.5;33;58980;1
74;57018.4;44;35072.5;0
75;40526.9;28;21199.8;0
76;50827.9;51;17659.8;0
77;40775.8;60;19226.1;0
78;55467.1;56;92269;0
79;38789;61;76506.5;0
80;58074.8;50;73880.2;0
81;57814.1;43;72521.2;0
82;45190.7;53;78935.5;0
83;36801.9;43;54063.4;0
84;68811.7;24;42113;0
85;30483.2;33;45140;1
86;44930.3;19;77083.1;1
87;43671.4;25;80666.9;1
88;27612.9;19;15136.2;0
89;53607.3;27;23787.6;0
90;33036.6;25;95897.9;0
91;64275.8;61;75200.3;0
92;30673.8;59;38310.7;0
93;58793.6;56;43919.8;0
94;21053.4;63;75460.1;0
95;42095.4;55;11837;0
96;50360.6;28;42171.6;0
97;41970.7;63;16223.1;0
98;51663.4;63;41478.8;0
99;53601.8;20;96013.7;1
100;43439.9;24;68793;1
101;51461;36;72922.6;0
102;41285.1;47;23138.2;0
103;62895.7;49;20012.8;0
104;57296.1;25;10601;1
105;60844;45;12072.2;0
106;47634.5;44;14170.3;0
107;23998.3;29;39283;1
108;63391.6;34;19088.9;0
109;21534.5;44;22833.5;0
110;28255.6;35;21092.4;0
111;36496.1;19;16550.6;0
112;41631.6;53;10609;0
113;68762.4;20;27967.5;0
114;30075.2;29;26285.7;0
115;41302.6;38;13799.1;0
116;39703.7;47;24034.7;0
117;63161;59;80409.2;0
118;63062.1;26;56166.1;0
119;34507.5;38;17937.5;0
120;27954.7;29;16270.4;0
121;37369.3;35;37836;0
122;43912;23;77571.3;1
123;22766.7;29;14294;0
124;21603.3;21;17833.3;0
125;61952.9;18;36356;0
126;36116.3;22;14949.8;0
127;26157.7;22;22958.1;0
128;26458.3;59;55239.8;0
129;69156.3;53;73647.3;0
130;39441.4;46;10347.5;0
131;60119;45;18109.6;0
132;55613.4;24;42552.5;0
133;37049.3;29;60568.1;1
134;23122;53;42634.9;0
135;48790.1;32;55190.9;0
136;59132.6;48;45755.2;0
137;55305.5;53;81767;0
138;26037.4;24;32932.5;1
139;64899.8;38;46542.4;0
140;27089.1;21;50294.8;1
141;45341.4;22;65252.1;1
142;24865.7;37;44391.1;0
143;28239.5;26;41898.3;1
144;52730;50;57063.2;0
145;28982;39;28987.6;0
146;36221.2;26;50946.7;1
147;33551.1;58;43333.6;0
148;43891.3;49;57929;0
149;45148.8;60;64553.9;0
150;58481;40;53805.6;0
151;69579.9;57;10868.2;0
152;52743.3;44;26847;0
153;65635.6;51;12701.6;0
154;34559.9;29;33175.2;0
155;60218.5;32;31579.6;0
156;51689.5;46;98819.7;0
157;47541.6;55;16112.1;0
158;62905.7;27;11423.9;1
159;65632.6;47;12498;0
160;31847.8;41;29137.6;0
161;27947.4;58;55141.1;0
162;62246.7;31;40672;0
163;40154.6;60;60131.5;0
164;58627.5;33;12156.5;0
165;33441;27;52827.2;1
166;55603.7;43;14111.3;0
167;31046.3;29;49076.7;1
168;44708;21;23908.5;0
169;23340.2;42;27077.6;0
170;24830.1;28;20466.8;0
171;31422.7;53;16868.3;0
172;60477.2;60;10711.7;0
173;26039;49;20567.5;0
174;36186.8;50;11307.3;0
175;39772.1;43;54928.9;0
176;34730.1;63;81850.8;0
177;23118.4;57;17469.3;0
178;50072.8;33;80885.6;1
179;67465;23;18026.1;0
180;38625.6;19;58365.6;1
181;45227.4;26;55215;1
182;64901.8;44;95898.3;0
183;40543.9;51;65078.5;0
184;27793.2;60;38224.8;0
185;61167.7;20;10396.6;1
186;64619.6;26;97047.8;1
187;37593.7;54;72743.2;0
188;35032.6;56;13593.1;0
189;58364.4;55;58098.9;0
190;56945.8;45;63883.6;0
191;27204.8;29;38278.9;1
192;21648.2;52;35585.2;0
193;31077.8;44;44523.3;0
194;42522.9;53;67908.5;0
195;31769.2;44;11482.2;0
196;35556.7;23;63619.7;1
197;52908.8;53;98410.8;0
198;35045.1;28;23824.6;0
199;44488.1;33;27510.8;0
200;41679.9;53;39500;0
201;54619.9;52;10780.2;0
202;38053.6;26;61105.7;1
203;64718.6;37;14850.7;0
204;43159;62;43500.1;0
205;29445.5;28;17588.8;0
206;25817.3;37;41154.8;0
207;66356.8;61;10725.4;0
208;56676.1;46;22785.5;0
209;61000;48;21607.8;0
210;58906.2;42;92905.7;0
211;49589.1;42;26274;0
212;40141.6;56;84536.6;0
213;31659.7;31;85851.1;0
214;62658.2;25;33433.6;0
215;39264.4;37;52557.8;0
216;46643.1;53;64408.6;0
217;30515.3;20;41524;0
218;65077.3;50;11061.8;0
219;60871.8;61;48441.7;0
220;25011.1;36;38340.4;0
221;68407.1;60;59794.4;0
222;43727.4;55;11705.5;0
223;45788.7;41;58940.4;0
224;65705;50;19697.9;0
225;32434.7;41;27384.4;0
226;58121.6;27;75311;1
227;62498.5;31;33128.7;0
228;26090.7;48;42556.2;0
229;64780.9;20;84024.1;1
230;65588.4;22;78797.3;1
231;65743.7;52;77245.7;0
232;37164.5;47;14458;0
233;65176.5;48;23652.8;0
234;34615.5;25;64767.6;1
235;59079.4;58;10326;0
236;56267.1;22;73292.4;1
237;34862.8;54;60407.7;0
238;60521.3;45;80358.8;0
239;42276.7;57;80553;0
240;38451.1;63;34412.6;0
241;45985.1;53;73820.5;0
242;51000.4;27;77873.2;0
243;31523.1;40;51745.7;0
244;28648.6;18;18709.2;0
245;27514.4;21;34009.1;1
246;27441;37;14550.4;0
247;67709.2;50;51368.1;0
248;38600.7;44;27490.8;0
249;30950.2;26;50431.4;1
250;27083.8;60;32862.1;0
251;21512.7;24;24533.7;0
252;34796;58;44366.6;0
253;27089.3;51;18513.1;0
254;25259.4;39;43410;0
255;47007.3;45;40694;0
256;20358.6;53;10646.8;0
257;67900.2;43;79027.4;0
258;54418.4;55;56307.4;0
259;51288.5;29;65369.6;1
260;28199.6;36;38716.8;0
261;22199.6;60;14983.9;0
262;50514.4;57;20036.5;0
263;34414.2;54;61753.8;0
264;37633;29;86816.2;0
265;55235.5;47;49105.4;0
266;45587.5;62;83666.1;0
267;52757.7;53;23212;0
268;41174.8;52;28884.4;0
269;25685.5;39;49074.2;0
270;28145.3;55;48059.7;0
271;52094.2;40;49502.1;0
272;33552.3;25;60542.4;1
273;37400.9;50;16931.3;0
274;21605.7;23;28283;1
275;57562.8;56;85088.3;0
276;62288.5;25;10657.1;1
277;22767.2;45;12057.8;0
278;20943;19;40981.1;1
279;20622.8;30;35184.5;1
280;48436.6;49;58514;0
281;27574.6;57;10173.9;0
282;62889.3;33;65251.5;0
283;37683.2;55;74145.5;0
284;54974.4;61;89221.9;0
285;56326;40;48167.7;0
286;65670.8;50;39508.7;0
287;50730.7;41;18790.5;0
288;64184.9;46;18542.3;0
289;66179.3;48;36469.3;0
290;24969.5;45;35955;0
291;54925.5;40;55448.8;0
292;67879.2;43;10433.4;0
293;67787.5;53;96074.9;0
294;31657.6;37;14480.7;0
295;36559.1;19;30302.6;0
296;57787.5;22;63398.5;0
297;42521.7;47;26616.1;0
298;51935.1;21;56494.5;0
299;45677.8;51;29662.4;0
300;51363.5;21;76142.2;0
301;27218.5;55;41450;0
302;43677.6;32;67398.5;1
303;21533.5;57;19715.5;0
304;28010.1;55;39711.5;0
305;51589.2;50;56990.9;0
306;50480.9;27;88311.8;1
307;43957.3;21;54163.5;1
308;61878.3;33;56766.8;0
309;60153.3;20;64723.4;0
310;33388.5;62;45518.7;0
311;41310.4;53;44811.6;0
312;25576.9;51;19226.5;0
313;51455;37;94471.1;0
314;48134.1;47;20755.9;0
315;51348.5;52;15078.9;0
316;20532.8;54;18977.8;0
317;33297.2;46;36747.4;0
318;55858.5;25;56304.4;0
319;43777.5;20;36012.9;0
320;27789.5;58;18682.8;0
321;36132.4;34;99449.5;0
322;20145.9;21;83983.9;0
323;63108.7;43;57578.4;0
324;26581.6;61;50903.9;0
325;62040.8;62;76436.3;0
326;69958.7;30;87556.9;1
327;38082.5;45;42134.6;0
328;45183;33;59534.5;1
329;36242.4;39;56889.9;0
330;44527.2;42;45884.7;0
331;40496.2;20;48346;0
332;24698.6;48;24276.5;0
333;60560.3;49;19946.2;0
334;48018.2;50;61200.9;0
335;30216.2;26;21165.3;0
336;61742.2;44;80683.1;0
337;47288.4;62;40049.8;0
338;24658.8;59;59059.8;0
339;64644.3;58;98481.7;0
340;57517.7;52;45368.5;0
341;52945.5;54;62620;0
342;36366.9;47;37104;0
343;62113.7;27;11928.5;1
344;62279.5;26;68014;0
345;61799;56;56192.1;0
346;50139.7;30;77587.9;1
347;69566.6;52;98750.3;0
348;44897.4;51;57323.9;0
349;22572.3;51;72419.3;0
350;37123;19;56595;1
351;68744.7;60;52078.8;0
352;21081.1;52;23951.6;0
353;58828.2;32;59476.4;0
354;46706.4;18;70842.6;1
355;32312.8;28;22833;0
356;60778.7;43;10021;0
357;30948;42;39958;0
358;60122;62;71893.5;0
359;43321.6;32;74386.7;0
360;47904.3;40;61835.1;0
361;58597.3;53;25884.9;0
362;66091.9;24;87435;1
363;47316.7;27;19406.7;0
364;40872.6;54;53124.9;0
365;35154.4;52;40377.1;0
366;32222.8;61;93447.7;0
367;40447.6;22;10721.9;0
368;48463.2;50;81202.5;0
369;42843;28;83986.9;0
370;50310.4;53;83617.1;0
371;57565.1;37;53535.6;0
372;55066.1;55;93327;0
373;46065.9;52;49473;0
374;38309.5;55;35457.2;0
375;54472.1;59;10836.3;0
376;58695;29;18265.1;0
377;54748.9;31;54380.9;0
378;46328.1;56;78796.7;0
379;49633.3;38;79153.1;0
380;66339.7;35;23508.9;0
381;62650.7;33;64253.6;0
382;27646.7;56;31321.4;0
383;21437.6;45;25639.6;0
384;50648.1;56;71107.5;0
385;29670.6;53;29289.8;0
386;20258.5;29;27678.3;1
387;34475.2;42;31621.3;0
388;28926.4;62;75006.7;0
389;20660.6;49;17560.3;0
390;24987.9;49;39468.9;0
391;29672.5;51;60790.9;0
392;23241.5;40;45719.6;0
393;24217.2;23;21043.8;0
394;65574;23;30312.4;0
395;55994.4;31;68061.9;0
396;67369.3;57;22994.1;0
397;23305.7;28;45210;1
398;35195.4;49;28369.8;0
399;27135;54;13872.4;0
400;24037.1;23;24693.6;0
401;51625.3;44;45922.4;0
402;50705.7;53;10969.6;0
403;58079.1;18;11540;1
404;62192.4;46;18638.9;0
405;62553.6;63;46417;0
406;68147.9;22;12307.5;1
407;27619.6;47;27748.3;0
408;65330.1;28;40308;0
409;26680.1;47;16711.8;0
410;46104.5;51;23424.7;0
411;44904.5;44;49537.7;0
412;52934.5;50;32486.2;0
413;43509.7;18;73630.3;1
414;22118.3;63;39281.2;0
415;56275.4;30;22248.8;0
416;48630.9;27;58628.3;1
417;64272.6;37;49298.7;0
418;24349;53;38904.7;0
419;34332.3;36;12257.2;0
420;64940.2;43;81969.3;0
421;30595.7;40;34950.6;0
422;53422.2;28;74417.5;1
423;69995.6;52;20843.7;0
424;48270.7;45;62322.8;0
425;27028.1;48;33136.4;0
426;23519.8;34;23683.8;0
427;37302;35;23661.7;0
428;55601.2;18;10533.4;1
429;62678.6;25;33344.1;0
430;41602.4;25;70050.7;1
431;27533;46;15514.2;0
432;30594.1;50;11834.2;0
433;47846.9;24;37132.6;0
434;55273.2;25;10282.9;1
435;23086.2;24;12564;0
436;29621.2;32;55752.5;1
437;47533.9;39;66377.7;0
438;62519.1;44;23245.4;0
439;50878.9;44;32570.1;0
440;58580.9;56;43177.1;0
441;69445.6;28;10643.4;1
442;60929.1;60;11146;0
443;35496.6;47;16805.4;0
444;33572.4;57;33693.7;0
445;55306.9;20;52725.3;0
446;34141.9;47;33716.6;0
447;40453.8;20;89093.9;0
448;69088.7;53;11246.4;0
449;30885.6;55;52163.5;0
450;58683.2;24;27173.4;0
451;60675.8;39;11617.7;0
452;68460.6;35;94995.6;0
453;63653.8;27;88665.2;1
454;42522.5;18;50362.5;0
455;54140.4;30;78962.2;1
456;47548.3;47;61539.3;0
457;24114;52;39008.2;0
458;20686.2;33;30525.7;1
459;21412.3;26;26397.1;1
460;69391.1;63;25502.6;0
461;32319.2;42;27334.2;0
462;52862.9;47;97541.5;0
463;48383.2;39;27632.6;0
464;36430.5;38;58551.8;0
465;44268.8;27;60431.4;1
466;63806.3;56;11449.9;0
467;46195.7;32;92706.7;0
468;23743.1;42;32547.4;0
469;22089.8;21;25840.2;0
470;54707.2;44;10255.1;0
471;23203.6;58;74914.5;0
472;25342.2;40;87153;0
473;31645.6;32;51938.3;1
474;32306.8;21;36033.6;0
475;61262.8;49;55641.6;0
476;26388.7;19;11913.3;0
477;53009.4;36;35892.5;0
478;58163.5;58;22379.2;0
479;38665;55;61520;0
480;25289;53;37015.3;0
481;66049.9;29;13172.6;1
482;56282.9;62;82155.5;0
483;35778.6;30;55446.5;1
484;29174.2;18;66557.7;0
485;55934.4;60;56431.7;0
486;32256.8;20;28093.2;0
487;68052.8;28;14157.1;0
488;26957;55;41729.8;0
489;48685;32;96985.8;1
490;38288;28;17233.9;0
491;42468;28;19022.6;0
492;55377.7;46;68828.7;0
493;54231.7;21;10156.1;1
494;53283.2;49;40652.1;0
495;52534.7;47;38101.3;0
496;47847.5;26;84940.1;1
497;59998.2;54;46595.3;0
498;58684.5;31;54158.1;0
499;49114.7;61;63888.5;0
500;57179.4;21;29919.6;0
501;69395.1;23;11047.6;1
502;43963.7;41;44814.3;0
503;66326.4;40;56021.6;0
504;35886.7;34;84374.9;0
505;35578.2;42;36408.4;0
506;48689;36;38594.7;0
507;56510.8;47;92554.3;0
508;50275.8;41;55418.2;0
509;56665.4;61;11159.7;0
510;42912;60;45501.2;0
511;22169.7;36;94719.9;0
512;35919.8;27;12271;0
513;61987.6;27;26182.4;0
514;30044.6;49;14284.3;0
515;61528.2;55;10897.9;0
516;31196.4;47;98726.1;0
517;66003.9;33;11207.4;1
518;56960.6;25;48564.8;0
519;41315.1;57;13789;0
520;64913.3;26;97813.2;1
521;32804.9;62;49612.5;0
522;25789.2;26;24102.7;0
523;31908.3;38;18574.6;0
524;56050.3;23;68708.3;1
525;66505.7;25;65711.9;0
526;57504;55;81072.6;0
527;44619.1;59;24749.7;0
528;21158.9;54;35623;0
529;22765.1;20;54061.7;0
530;25052.8;45;33677;0
531;61006.1;54;58507.7;0
532;62321.2;45;10649;0
533;49604.5;51;70459.1;0
534;48433.3;28;78963.3;0
535;57590.2;19;76763.1;1
536;62691.7;25;82447.4;1
537;51121.6;58;64716.2;0
538;22516.5;55;42674.5;0
539;60857.2;37;10486.7;0
540;62908.3;51;32138.9;0
541;49665.6;50;27138.8;0
542;65322.8;41;27397.1;0
543;20598.9;35;38724;0
544;55476.6;52;47335;0
545;26218.4;18;33438.1;1
546;40794.8;38;65194.3;0
547;53719.6;42;16707.3;0
548;20715.5;27;36952.7;0
549;57163.8;53;57753;0
550;33751.2;25;64941.8;1
551;44832.5;32;12562.5;0
552;51035.6;58;28898.8;0
553;53493.4;21;50308.2;0
554;58205.6;56;10035.6;0
555;47439.9;22;78963.5;1
556;47586.2;42;33430.5;0
557;26100.8;62;96013.7;0
558;45326.4;59;51421.1;0
559;24391.7;47;21981.4;0
560;53741.3;49;65131.5;0
561;40053.7;27;44527.2;0
562;53033.8;38;10427.4;0
563;25176.5;53;30647.1;0
564;31210.8;54;38530.8;0
565;23532.2;59;10778.4;0
566;63776.7;43;66979.7;0
567;52278.7;45;42691.3;0
568;56015.8;32;22757.6;0
569;56110.9;62;93510;0
570;57856.8;33;88241.6;1
571;30187;28;44628.2;1
572;30786.8;47;35633.1;0
573;22279.2;58;31413.3;0
574;42476.2;46;83341.8;0
575;58147.7;34;39511.8;0
576;36266.2;55;32069.2;0
577;39045.4;27;11654.9;0
578;64467.8;63;52157.5;0
579;36594.8;60;34923.3;0
580;58797.7;53;88929.6;0
581;66653.2;19;51807.1;0
582;48271.4;21;60776.8;1
583;30991.4;34;45892.6;1
584;45446.5;19;84749.8;1
585;37142.7;50;16123.7;0
586;58320.8;20;10033.4;1
587;24825.5;54;36501.9;0
588;20511.4;27;93179;0
589;48326.3;35;71687;0
590;55441.3;48;10768.7;0
591;60496.9;33;11151.5;0
592;25296.1;44;13204.6;0
593;50414.3;56;24681.7;0
594;67984;27;16429.6;0
595;50382.3;57;91838.4;0
596;49413.2;18;25540.4;0
597;61464.8;36;50990.8;0
598;53784;24;27618.5;0
599;35993.2;41;90192.7;0
600;63402;47;75307.6;0
601;40484.9;39;10936.7;0
602;26168;41;30409.8;0
603;60044.2;61;68234.3;0
604;23984.5;51;46222.7;0
605;40359.7;32;17836.9;0
606;33583.8;62;12518.6;0
607;68038.7;62;10108.7;0
608;45652;53;54082.1;0
609;34399.2;31;60198.3;1
610;57628.4;23;50216.3;0
611;24294.6;22;43600.5;1
612;52218.8;37;97920.9;0
613;50061.7;55;61451.3;0
614;49352.2;57;33627.7;0
615;21087.3;49;33536.9;0
616;23812.2;42;27166.5;0
617;49395.1;41;59275.7;0
618;33338.9;46;29298.5;0
619;29668.3;38;20424.3;0
620;45936.5;41;85252.3;0
621;55948;40;85692.2;0
622;53239.5;63;46061.5;0
623;43694;49;50496.3;0
624;24078;38;32761.3;0
625;50258.5;22;10862.4;0
626;41816.6;48;45345.7;0
627;36892.7;54;64636.4;0
628;23886.5;34;44404.1;1
629;48757.7;23;18335.8;0
630;34601.6;33;24301;0
631;52986;50;49286;0
632;50740.9;21;78457.7;0
633;53096.9;36;26630.5;0
634;38500;53;75716.8;0
635;41004.2;55;10161.4;0
636;63585.3;49;15949.7;0
637;31823.6;30;22904.3;0
638;26242.6;32;18012.2;0
639;63531.2;19;69175;0
640;64751.1;53;22898.5;0
641;31091.2;50;40710.8;0
642;66871.2;62;36142.6;0
643;25098.6;51;26118.4;0
644;33720.5;47;13659.5;0
645;28182.5;25;22859.5;0
646;27334.5;42;29637.9;0
647;68694.8;23;12731.8;1
648;46195.6;26;28886.3;0
649;34488.2;27;21563.1;0
650;57827.6;23;10816.7;1
651;20346.4;35;65603.3;0
652;60480.9;53;32160.9;0
653;51915.6;44;22829.1;0
654;54625.5;31;86197.4;1
655;48305.4;55;48334.7;0
656;28577.9;21;16392.2;0
657;53400.8;58;10418.1;0
658;43414.4;44;71709.4;0
659;47526.2;57;89573.3;0
660;46082;55;29212.3;0
661;32195.5;62;49800.1;0
662;49067;60;72589.6;0
663;21293.4;42;13686.9;0
664;52100.9;23;47672.7;0
665;48334.3;53;22344.4;0
666;58507.6;48;69413.5;0
667;27521;35;26998.5;0
668;63914.2;26;13931.4;0
669;28598.8;52;52420.1;0
670;23298.4;48;17411.8;0
671;35697.5;51;29079.5;0
672;40376.1;38;39019.3;0
673;56534.9;27;21610.8;0
674;36088.9;41;62224.1;0
675;34158.6;29;29114;0
676;29732;38;34850.1;0
677;41736.2;34;76026.1;1
678;42236.4;24;47490.6;0
679;28796.8;44;70622.8;0
680;55097.3;33;93424.7;1
681;40916.5;48;52198;0
682;20908.3;28;31336.2;1
683;57999.7;62;85958.9;0
684;57746.5;63;72719.4;0
685;55116.2;41;10284.6;0
686;57765.5;43;54452.2;0
687;45200.9;43;73359.6;0
688;42435.1;51;27662.8;0
689;46365.5;41;54432.7;0
690;57187.7;59;93906.7;0
691;66539.9;57;12129;0
692;25244.7;53;12789.9;0
693;54780.3;61;81342.2;0
694;59253.1;36;73272.8;0
695;48540.3;21;10129.3;0
696;30415.1;22;43620.8;1
697;48768.6;25;50059.9;0
698;52299.2;18;78806.8;1
699;42242.4;34;20703.7;0
700;28218.9;42;13050.8;0
701;40208.1;61;45903.4;0
702;61419.6;30;99216.7;1
703;51282.5;26;84453.8;1
704;36017.9;43;15263.9;0
705;57575;33;98572.2;1
706;53330.7;42;23434.9;0
707;39834.5;63;69995.5;0
708;62469.4;24;72865.5;0
709;40334.6;45;68088.6;0
710;47542.8;40;94482;0
711;55883.6;27;97456.3;0
712;29163;43;14691.2;0
713;47786.1;29;71814.7;1
714;29736.3;35;65704.8;0
715;50831.4;24;95725.8;1
716;62030;46;75725.6;0
717;54049;54;45696.4;0
718;34336;35;34416.4;0
719;31895.7;48;34233.4;0
720;51894.5;59;65795.3;0
721;37616.7;53;57322.4;0
722;22076.9;56;39481.4;0
723;56252.9;57;73270.7;0
724;26316.7;37;92302.8;0
725;23120.8;40;14178.4;0
726;39033;59;57578.9;0
727;32420.8;32;14942.1;0
728;68827.2;25;10491.7;0
729;58092.2;41;52777.4;0
730;43538.8;46;85239;0
731;64040.4;59;54087.2;0
732;34395.2;25;20897.3;0
733;57405.5;45;69147.5;0
734;22581.1;40;34285.1;0
735;27952.9;42;39652.5;0
736;54022.9;26;10641.4;1
737;63546.1;44;61702.3;0
738;60713.4;56;39623.3;0
739;44519.3;32;14464.6;0
740;40997.7;55;79083.3;0
741;63661.3;25;60953;0
742;34429.1;39;22402.7;0
743;29181.8;48;25296.1;0
744;52510.4;40;18583;0
745;37536.3;25;26343.5;0
746;35683.7;44;43378.2;0
747;45622.2;41;52818.1;0
748;67385.4;29;67472.3;0
749;69411.7;47;12176.7;0
750;48322.5;29;77326.9;1
751;40836.5;22;69944.8;1
752;38035.9;60;42987;0
753;42696.9;44;22219.6;0
754;24181.6;22;15290.1;0
755;33194.4;51;66153.8;0
756;32541.4;34;78083.2;0
757;38381.4;54;32272.4;0
758;25921.9;58;51047.4;0
759;58810.9;22;90997.2;1
760;63025.7;56;29569.7;0
761;29954;61;57740.7;0
762;40641.5;37;50423.2;0
763;43940.9;38;28553.7;0
764;65166.9;25;88590.8;1
765;58820.3;30;53065.7;0
766;50719.7;43;47709.3;0
767;46766.5;47;23834;0
768;67520.7;45;13041.7;0
769;28386.2;31;17189.4;0
770;68276;34;48420.7;0
771;30731.7;40;11295.6;0
772;30012.2;54;39721.5;0
773;38075.3;53;69289.4;0
774;55932.3;44;48763.6;0
775;27966.2;53;44452;0
776;53825.5;49;52728;0
777;65451.4;60;81290.4;0
778;39473.9;42;60341.5;0
779;42344.8;47;68002.4;0
780;36112.8;60;37372.1;0
781;32720.5;33;43672.6;1
782;27973.8;49;40340.2;0
783;21306;35;37910.2;0
784;36029.3;52;29281;0
785;48457.9;22;81081.7;1
786;46038.5;39;68689.8;0
787;34247.1;34;64587.9;1
788;64247.6;31;45132;0
789;62109.7;41;28164.3;0
790;21481.8;19;11376.5;0
791;20762.4;25;23852.2;0
792;33756.5;40;11698.3;0
793;54325.8;29;69785.2;1
794;33197.8;59;39931.4;0
795;56846.4;30;52682.2;0
796;26542.9;45;42330.8;0
797;53200.5;59;30904.7;0
798;38073.4;32;22840;0
799;43937.2;56;32135.4;0
800;49284.8;51;49358.9;0
801;22869.3;25;52755.1;0
802;60113.3;40;82533.8;0
803;23613.2;32;24692.3;0
804;68755;53;10990.5;0
805;26449.3;46;29521.2;0
806;42855.4;47;49238.1;0
807;25686.7;35;37283.9;0
808;67125.6;36;74820.6;0
809;27427.7;59;71994.6;0
810;37145.5;53;15107.3;0
811;41702.6;41;61057.2;0
812;20710.7;49;39607.1;0
813;39124.1;44;40132.6;0
814;32834.6;60;41845.7;0
815;26267.2;58;11361.1;0
816;41254.2;28;69930.4;1
817;38268.6;30;25220.5;0
818;37087.2;57;63911.5;0
819;38458.1;55;36443;0
820;40185.7;31;10023.4;0
821;65481.9;45;10614.2;0
822;57426.6;20;24619.7;0
823;47903.3;46;42832.2;0
824;34222.1;52;35821.5;0
825;28481.2;47;53021.7;0
826;43069.6;41;40915.6;0
827;33093.9;33;38529.9;0
828;61363.8;62;96368;0
829;68100.7;47;81245.9;0
830;50551.4;56;52626.1;0
831;54421;22;62298.3;0
832;32152.4;57;35505.8;0
833;40230.9;58;74519.4;0
834;53483.3;29;14596.6;0
835;65137.9;42;10352.1;0
836;29496.5;54;22169.7;0
837;45181.9;48;22431.5;0
838;24994.7;34;51640.2;0
839;54820.9;20;10070.9;1
840;62955.6;29;20754.3;0
841;52956.2;25;95909.7;0
842;40366.2;32;74107.9;1
843;60005;40;10677.6;0
844;37598.3;54;36418;0
845;61323;60;86999.4;0
846;21243.9;57;34389.7;0
847;62111.4;25;49920.8;0
848;56524.8;54;52969.4;0
849;51718.1;34;10366.1;0
850;43205.6;23;48352.7;0
851;26934.1;35;41132.9;0
852;68966.8;54;66906.3;0
853;31527.3;59;20627.1;0
854;46839;28;14982;0
855;32151.2;42;46019.4;0
856;40831.8;47;64295.9;0
857;30868.8;58;46183.9;0
858;62988.8;32;69249;0
859;65496.7;61;11805.5;0
860;63032.6;24;39033.5;0
861;27287;18;45098.8;1
862;44299.3;24;51549;0
863;44091.3;30;16641;0
864;26617;28;27272.4;0
865;21856.2;47;15006.5;0
866;28072.6;54;13776.2;0
867;35950.4;35;26649.2;0
868;28982.1;35;14404.9;0
869;51790.7;41;12810.3;0
870;65000.8;21;11149.1;0
871;29761;21;37482.5;1
872;23081.4;53;25766.1;0
873;60016.7;22;15226.4;0
874;54619.1;53;90127.7;0
875;66274.2;36;10257.9;0
876;49380.6;45;54252.8;0
877;46283;48;21661.2;0
878;25554.6;42;42299.1;0
879;36680.1;22;48493.3;1
880;30383.6;46;21536;0
881;67730.4;26;88815.8;1
882;36446.7;40;29276.7;0
883;33648.7;60;14981.6;0
884;53852.7;42;20899;0
885;61298.2;48;93995;0
886;69465.7;20;79837;0
887;39102;29;42006.9;0
888;29366.5;22;40492.5;1
889;67949.7;34;17903.4;0
890;29468.8;22;37039.5;1
891;56839.4;36;90048;0
892;38277.9;44;74058;0
893;49664.2;39;55714.5;0
894;49972;32;76395.4;0
895;27356.8;63;29835.8;0
896;36840.6;36;65579.4;0
897;51438.8;46;68987.8;0
898;40614.7;20;26496.9;0
899;56738.6;63;32108;0
900;68004.6;41;26980.4;0
901;44458.6;52;14562.3;0
902;66801.1;19;28864.6;0
903;48991.8;18;74532.6;1
904;69430.9;58;26482.2;0
905;27989.1;27;17708.1;0
906;67675.8;37;43960.7;0
907;47985.7;33;88016.1;1
908;43388.2;35;70071.5;0
909;63182.4;25;34932.2;0
910;20568.8;25;22570.6;0
911;25833.7;19;37162.5;1
912;23087.3;37;42341.8;0
913;36124.7;25;64850.5;1
914;57330.6;44;10580.3;0
915;47240.2;55;42863.4;0
916;55730.6;55;92863.5;0
917;61660.4;48;16845.2;0
918;49746.8;29;73541.2;1
919;23973.6;55;95460.7;0
920;28085.4;45;44312.8;0
921;33585.4;60;39338.8;0
922;44179.3;51;58883.7;0
923;56025.4;29;43416.2;0
924;49369.7;51;10937.9;0
925;26889.3;62;67571.2;0
926;30873.2;38;40768.7;0
927;30608.9;46;26325.5;0
928;54878;42;15044.7;0
929;32423.8;63;29619.5;0
930;46608.3;20;15218.6;0
931;65689.1;28;25507.2;0
932;49054.8;54;11022.4;0
933;20310.5;54;12791.1;0
934;66423.3;18;10662.1;0
935;45783.1;63;74929;0
936;62887.7;42;68494.8;0
937;51088.2;52;90971.1;0
938;66217.9;19;74507.6;0
939;62799.7;35;67525.8;0
940;45789.4;36;45451.5;0
941;59727.4;50;52033.2;0
942;35513.5;60;69833.6;0
943;29178.9;63;16643.8;0
944;67501.6;49;75897.5;0
945;66255;28;74752.1;0
946;63558.8;36;92829.2;0
947;63441.7;18;31194.1;0
948;64983.1;27;91097.7;1
949;56946.6;55;11175.8;0
950;52349.8;35;51818.4;0
951;31473.4;27;79734.5;0
952;59267.3;34;50853.1;0
953;66809.1;31;13161.8;0
954;48083.3;39;91930.9;0
955;20629.3;28;33104.1;1
956;25363.3;31;39460;1
957;28873.6;62;22244.6;0
958;41430.8;33;57192.7;1
959;53612.1;23;59768.9;0
960;51555.7;57;92176.8;0
961;46564.3;50;59983;0
962;61200.4;19;40685.1;0
963;29307.3;61;48184.2;0
964;67687.1;20;10506.3;1
965;52565;55;37297.4;0
966;52920.1;20;95217.6;1
967;34981.3;23;55027.3;1
968;65210.8;27;12607.9;1
969;60016;54;28570;0
970;23066.9;33;19333.5;0
971;52603.8;43;20430.8;0
972;20111.3;53;17453.7;0
973;32759.7;43;52113.2;0
974;30578;55;30103.5;0
975;21211.5;32;93178.1;0
976;53746.3;29;95346.6;1
977;45214.1;18;17797.2;0
978;58465;20;11417;1
979;54422.9;58;44461.3;0
980;62842;62;10759.7;0
981;53005.1;45;25393.3;0
982;40749;26;62071.8;1
983;49804.4;20;72351.9;1
984;37277.2;26;62892.5;1
985;46883.2;30;63425.6;1
986;31763.3;35;34894;0
987;61013.1;24;17915.4;0
988;41285.3;22;53210;0
989;39133.8;21;43345.8;0
990;62171.8;24;10354.6;0
991;53638.6;44;10947.8;0
992;49264.5;58;30515.7;0
993;63114.4;48;11890.7;0
994;58165.5;45;41557.2;0
995;43029.8;27;68941.6;1
996;21593.6;51;45809.3;0
997;49104.7;35;94522.1;0
998;65776.2;39;28058.6;0
999;36192.1;21;72361.7;1
1000;62165.8;19;47399.4;0
1001;50793.3;41;42164;0
1002;62422.2;32;28416.3;0
1003;63166.9;56;40587.8;0
1004;23717.5;49;15300.9;0
1005;66797.6;21;11921.1;1
1006;30272.2;19;14400.7;0
1007;55741.1;52;31817.8;0
1008;30742.5;26;56856.5;1
1009;20491.5;35;15791.6;0
1010;35620.4;40;36112.9;0
1011;50206.1;33;58264.6;0
1012;67935.4;60;82673.2;0
1013;59223.3;22;39014;0
1014;32657.2;32;17962.7;0
1015;55931.6;23;40535.1;0
1016;23694.7;22;76429.7;0
1017;44324.2;23;26726.9;0
1018;34735.4;62;14022.1;0
1019;67064.3;22;10916.2;0
1020;42761.4;45;61065.7;0
1021;49517.7;31;73379.5;1
1022;54372.1;29;83912.5;0
1023;29941.9;48;31700.4;0
1024;68414.1;51;61540.5;0
1025;23891.2;51;34759;0
1026;47187.5;24;79334.6;1
1027;39819.9;63;35774.4;0
1028;50632.2;53;12623.5;0
1029;39970.2;40;78676.1;0
1030;55176.1;49;78229.3;0
1031;50533.5;56;11771.2;0
1032;52983.8;42;55679.4;0
1033;31187.6;30;59312.4;0
1034;34909.9;25;28523.7;0
1035;53810.8;51;91544.7;0
1036;55478.9;53;62275.4;0
1037;60394;57;82935.7;0
1038;36845.7;51;17900.1;0
1039;60264.9;54;22413.8;0
1040;52981.5;18;37599.3;0
1041;50222.7;21;87347.4;1
1042;59256.5;38;98129.7;0
1043;43203.4;40;77307.2;0
1044;46288.7;23;60537.9;1
1045;58176.1;52;98521.4;0
1046;25631.4;47;47787;0
1047;58977.9;30;94420.1;1
1048;25048;54;23413.6;0
1049;33436.4;34;54739.8;1
1050;23787.3;36;30415.5;0
1051;69456.5;48;13190.3;0
1052;65447.6;39;32695.3;0
1053;68743.3;56;22902;0
1054;36052.5;49;28301.7;0
1055;24820.7;38;51949.2;0
1056;26046.3;54;46694.5;0
1057;60850.8;59;72068.5;0
1058;69929;51;12427.8;0
1059;53298.4;56;21067;0
1060;48818.3;49;23124.2;0
1061;38042;32;34958.5;0
1062;42119.8;60;19305.6;0
1063;62247.8;39;18707.1;0
1064;62252;28;16996.8;0
1065;36973;38;41444.4;0
1066;54217.2;26;88367.7;1
1067;44218.7;58;16939.2;0
1068;33274;23;22448.8;0
1069;54656.5;18;99111.3;1
1070;67593.5;25;98640.7;1
1071;39472.7;42;59648.1;0
1072;30572.4;48;18470.9;0
1073;50447.6;58;24437.6;0
1074;49198.6;49;48362;0
1075;53768.2;25;36969.5;0
1076;52809.5;61;62768.3;0
1077;38011.7;19;46251.9;1
1078;58910.2;31;36719.2;0
1079;57914.7;50;67158.5;0
1080;39494.7;28;35441.5;0
1081;45918.8;38;19103.2;0
1082;55649;19;76603.4;1
1083;27136.6;18;22531.9;0
1084;62724.6;39;92551.3;0
1085;32921.8;43;25532.1;0
1086;28482.6;19;32945;0
1087;44170.2;24;21687.5;0
1088;60664.3;22;58734.1;0
1089;64501.9;33;12147.3;1
1090;28237.5;50;27281.8;0
1091;67420.5;21;36689.9;0
1092;55642.9;38;28416.9;0
1093;56086;34;39908.5;0
1094;57676.7;20;10504.6;1
1095;62535.6;39;94902.6;0
1096;60686.7;48;10614.1;0
1097;25032.3;46;68090.4;0
1098;22228.3;33;21872.1;0
1099;41435.1;34;37021.7;0
1100;43955.4;51;78334.7;0
1101;60063.6;59;67662.9;0
1102;34635.7;18;48592.3;1
1103;63944.3;32;12213.9;1
1104;35403.4;34;29293.5;0
1105;53654;44;65877.7;0
1106;23508.2;52;46228.4;0
1107;61869.4;36;10404.9;0
1108;20674.8;23;29982.5;0
1109;22127.9;61;17778.2;0
1110;27408.7;37;25910.2;0
1111;60720.7;38;32781.7;0
1112;34760;34;28882.5;0
1113;23057.3;46;24871.6;0
1114;42380.9;35;68326.8;0
1115;37887.5;24;50617.7;1
1116;39988.7;54;35708.8;0
1117;25026.5;62;38457.4;0
1118;43588;40;64530.5;0
1119;20897.4;28;29404.2;1
1120;24904.6;53;33769;0
1121;66068.6;35;56268.6;0
1122;36126.2;40;38058;0
1123;23626.7;34;21737.6;0
1124;30200.2;62;48716.7;0
1125;65569.7;62;12494.2;0
1126;20617.2;46;22240.6;0
1127;25817.4;21;36828.6;1
1128;21448.8;31;19891.8;0
1129;69370.1;52;46059.1;0
1130;34145.7;31;40749.5;0
1131;52651.2;57;65290.1;0
1132;40069.3;43;36460.5;0
1133;39246.5;48;91911.4;0
1134;56233.7;57;96420.9;0
1135;49264.2;19;80177.9;0
1136;30451.6;42;47542;0
1137;28726.9;34;36758.3;1
1138;20113.2;30;25076.4;1
1139;43434.7;52;36721;0
1140;59208.7;30;11479.4;1
1141;69310.9;42;15903.2;0
1142;60567.4;40;57193.2;0
1143;22048.8;53;41990.2;0
1144;66733.7;52;53666.4;0
1145;22209;22;40967.8;1
1146;49032.6;54;17779.5;0
1147;26558.3;57;22327.9;0
1148;49255.4;36;49519.1;0
1149;30218.1;48;59145.1;0
1150;56317;24;80454.4;1
1151;53825.4;45;43145;0
1152;34927.9;54;19570.5;0
1153;53287.3;59;44326.6;0
1154;32032.5;50;45829.3;0
1155;48405.7;47;37666.1;0
1156;46132.9;26;32164.9;0
1157;29049;57;25626.9;0
1158;68550.6;19;38796.7;0
1159;47474.8;37;50837.2;0
1160;50021.6;23;10542.6;0
1161;64089.1;37;62727.8;0
1162;28451.7;41;10428.5;0
1163;58132.4;29;54910.3;0
1164;30961.1;32;16279.5;0
1165;64162.6;53;69380.1;0
1166;67470.1;52;12715.2;0
1167;68263.7;42;41243.3;0
1168;42889.3;57;63407;0
1169;20155.7;41;34899.5;0
1170;58178.6;49;10948.4;0
1171;45735.4;52;29445.3;0
1172;30037.2;38;12470.1;0
1173;64392.5;37;45132.4;0
1174;26291.3;52;10941.7;0
1175;36008.3;20;37093;0
1176;54953.9;44;36564.6;0
1177;28753.3;49;49903.6;0
1178;41993.9;36;66443.4;0
1179;56696.4;57;96866.3;0
1180;51906;36;10235.2;0
1181;30939.3;47;61158.2;0
1182;38520.7;56;41769.4;0
1183;33489;25;35816.5;0
1184;52836;38;56716.4;0
1185;51733.2;24;79061.4;1
1186;41273.7;32;32998.8;0
1187;68223.6;28;73640;0
1188;28222.8;40;61324;0
1189;21921.3;62;19011.4;0
1190;38852.9;27;75131.8;1
1191;59621.3;54;70146.2;0
1192;41377.7;45;53240.4;0
1193;54405.6;57;62532;0
1194;60103;56;26322.6;0
1195;67528.6;52;78774.1;0
1196;61156.9;31;32500;0
1197;42955.6;45;29628.2;0
1198;46923;36;31078.8;0
1199;24951.2;62;25443.5;0
1200;26267.5;34;59469.1;0
1201;64603.9;33;11264.6;1
1202;34667;18;28272.8;0
1203;66008.3;19;91896.1;1
1204;45840.2;32;52992.3;0
1205;32188;49;46599.5;0
1206;50289.6;24;61273.8;1
1207;36837.5;54;15981.8;0
1208;28852;44;57059.8;0
1209;68127.1;47;12099.9;0
1210;41349.1;53;80832.3;0
1211;69132.4;33;76214.1;0
1212;38477.3;27;28957.6;0
1213;68291.1;46;95779.5;0
1214;58074.6;59;85512.5;0
1215;26867.1;32;17301.5;0
1216;32348.4;59;32298.2;0
1217;31044.3;49;44658.7;0
1218;29279.7;18;22919.8;0
1219;35145.1;47;51073.9;0
1220;44405.2;34;39178.7;0
1221;42059.6;55;53102.7;0
1222;28612.2;58;49484.8;0
1223;46546.7;60;25484.3;0
1224;22832.3;32;33184;1
1225;21565.9;44;41367.6;0
1226;26078.2;31;36658.8;1
1227;60503.5;20;67665.3;0
1228;31233.3;41;16624.5;0
1229;34505.8;49;21516.9;0
1230;35485.1;47;24820.4;0
1231;45986.3;20;71129.2;1
1232;43308.1;34;67771.9;1
1233;53284.1;32;84954.5;0
1234;68398.2;36;81068.5;0
1235;64743.7;56;43049.2;0
1236;68412.6;28;55184.3;0
1237;59695.1;27;88899.2;1
1238;32406.5;20;33946.5;0
1239;33184.1;60;45800.9;0
1240;47688.2;34;13770.1;0
1241;42591.5;45;46022.4;0
1242;34051.5;35;62241.5;0
1243;61800;29;91436.1;1
1244;45360.7;27;45699.9;0
1245;20252.1;27;33600.5;1
1246;30134.7;43;95899.8;0
1247;56217.3;51;28665.8;0
1248;31722.7;34;28777.5;0
1249;60178.4;33;32036.1;0
1250;51144.2;37;34116.5;0
1251;22449;35;11874.2;0
1252;44932.8;27;62291.2;0
1253;40929.4;20;23522.8;0
1254;31092.2;43;56179.9;0
1255;44743.5;53;25747;0
1256;60770.2;33;22428.2;0
1257;43528.4;59;22647.2;0
1258;25008.9;63;29410.2;0
1259;47433.4;60;91391.4;0
1260;50064.3;29;41763.3;0
1261;60348.4;60;30379.6;0
1262;67471.1;26;44484.1;0
1263;30492.8;61;48347.3;0
1264;25640;22;31054.4;1
1265;55040.7;52;83520.6;0
1266;34476.7;23;89813.3;0
1267;23345.8;38;45481.1;0
1268;24426;34;82383.5;0
1269;65849.8;30;50513;0
1270;60454.5;41;78750.7;0
1271;22680.3;55;17437.7;0
1272;44471.8;19;58836.6;1
1273;46572.3;59;72134.1;0
1274;24369.8;61;13665.3;0
1275;56830.2;37;10462.7;0
1276;46942.9;55;21870.6;0
1277;42521.7;54;67458.1;0
1278;63188.3;51;39608.5;0
1279;29410.1;23;81232.3;0
1280;46668.6;57;18334.8;0
1281;62693.2;22;53217.1;0
1282;65307.1;23;19067.9;0
1283;59589;20;41917.1;0
1284;41019.5;23;30058.2;0
1285;48058.8;47;65279.9;0
1286;50208.5;35;72960.4;0
1287;62526.8;61;58355.4;0
1288;48192.1;29;50264.7;0
1289;30884;31;40999;1
1290;36965.7;53;63333.9;0
1291;43536;27;64277.2;1
1292;69181.6;39;11737.4;0
1293;64233;26;12104.5;1
1294;52593.5;19;81190.7;0
1295;32282.2;42;33459.4;0
1296;54077.8;57;71490.6;0
1297;51595.3;28;38540.3;0
1298;23097.3;53;45175.7;0
1299;27407;26;29499.3;0
1300;64395.2;63;10054.6;0
1301;60432.2;41;63008.6;0
1302;42990.9;29;46655.8;0
1303;41581.8;22;78951.1;1
1304;53289;47;80471.4;0
1305;22372.5;31;11189.2;0
1306;57119.7;22;10211.7;1
1307;31112;49;42435.2;0
1308;68936.3;43;11073.1;0
1309;20436.3;56;23561.8;0
1310;20583.6;21;53186.2;0
1311;58988.3;19;47282.5;0
1312;45311.8;26;31038.1;0
1313;60856.8;37;10238.4;0
1314;45818.2;48;81371.6;0
1315;20904.5;41;26060.2;0
1316;49908.2;29;29030.3;0
1317;55988.2;31;77457.5;1
1318;62125.2;21;57004.5;0
1319;48822.7;60;59934.7;0
1320;29976.8;57;37960.3;0
1321;41944.2;61;12037;0
1322;36970.3;33;12685;0
1323;39992.7;20;49992;1
1324;42450.5;61;62102.8;0
1325;42146.9;23;73672.5;1
1326;52841.5;18;59573.8;0
1327;66418.9;62;93405.4;0
1328;44047.6;27;20969.1;0
1329;24821.2;19;87432.4;0
1330;35583.6;63;27252.4;0
1331;25289.6;21;21307.9;0
1332;39770.1;45;28087.8;0
1333;59511.1;29;25205.1;0
1334;51211.6;45;40933.6;0
1335;56530.4;45;59579.9;0
1336;42604.4;41;79421.6;0
1337;66642;56;49580.6;0
1338;35527.8;47;32511.9;0
1339;66896.7;31;38739.4;0
1340;51980.3;35;62430.4;0
1341;40081.4;43;77077.7;0
1342;50167.6;42;55926.5;0
1343;39545.9;43;57876.5;0
1344;43372.3;55;47452.5;0
1345;33084.1;59;57624.6;0
1346;53187.9;63;48798.4;0
1347;48290.8;30;49029.7;0
1348;66078.7;45;36646.2;0
1349;51547.1;53;65634.1;0
1350;39393.1;52;54150.5;0
1351;69592;63;13025;0
1352;54588.5;31;28478.1;0
1353;44964;48;69321.4;0
1354;46081.6;50;14877.8;0
1355;45564;22;71583.6;0
1356;62657.6;28;57710.8;0
1357;67921.6;35;13998.7;0
1358;59514;57;25047.2;0
1359;48422.5;41;35205.6;0
1360;22001.3;31;21558.1;0
1361;52529.6;18;98081.9;1
1362;24061.4;34;39805.7;1
1363;23450.8;34;14198;0
1364;32866.5;44;60370;0
1365;30958.9;43;15589.3;0
1366;27550.8;29;39442.1;1
1367;36024.9;51;41554.4;0
1368;46801.2;34;53159.7;0
1369;27082.7;60;49905.5;0
1370;65435;19;12727.9;1
1371;59295.7;51;49371.4;0
1372;45435.2;21;21433.8;0
1373;61742.6;34;32698.9;0
1374;31396.8;34;37192.3;0
1375;35916.7;53;64011.8;0
1376;43969.6;25;74559.2;1
1377;60624.8;39;67407.1;0
1378;69939.3;55;22252.2;0
1379;69755.3;44;13766;0
1380;69478.3;22;10229.4;1
1381;34192.1;27;52336.6;1
1382;57457.8;50;36088;0
1383;63910.3;56;89867.1;0
1384;26643.8;19;14137.8;0
1385;23985;24;22842;0
1386;63660.6;50;78325.7;0
1387;44102.3;21;84256.9;0
1388;29409.8;41;33885.6;0
1389;49294.6;37;45748.5;0
1390;39553.6;53;70638.9;0
1391;68583;57;29222.8;0
1392;31060.6;53;37299.7;0
1393;29190.3;60;52395.9;0
1394;63437.7;54;11963.3;0
1395;35243;35;74894;0
1396;36475.3;63;41331.1;0
1397;63271.6;23;11298.1;1
1398;45540.3;59;14904.7;0
1399;68565.3;21;12315.3;0
1400;20063;24;24951.3;1
1401;44222.2;55;74434.8;0
1402;67839.2;47;56093.2;0
1403;54009.6;49;88473.5;0
1404;52234;47;92558.4;0
1405;28423.1;61;52828.4;0
1406;52623.4;50;11563.1;0
1407;25636.3;55;12396.8;0
1408;60842.9;60;66089.6;0
1409;36727.7;58;72875.4;0
1410;63830.7;35;52716.2;0
1411;43108.4;22;64787.9;0
1412;25285.2;19;10275.7;0
1413;57646.2;62;14524.9;0
1414;51027.5;61;33133;0
1415;37389.7;34;73659.3;1
1416;65017.5;26;10171.6;0
1417;20595.9;45;13300.6;0
1418;56445.4;55;68755.7;0
1419;60864.3;44;37040.3;0
1420;51231;62;81302.7;0
1421;41103.1;63;36443;0
1422;56267;43;82381.1;0
1423;20774.8;35;13473.3;0
1424;46424.2;59;40871.8;0
1425;29909.5;62;44952.7;0
1426;62808.5;56;64657.5;0
1427;41243.8;52;41615.7;0
1428;46089.1;63;16182.1;0
1429;69191.2;57;62705.7;0
1430;60846.6;32;89744.9;1
1431;66558.9;48;30909.9;0
1432;27428.2;54;12876.3;0
1433;60912.7;60;38703.3;0
1434;28127.5;41;32795.5;0
1435;64029.5;36;16443.3;0
1436;61836.7;29;10971.9;1
1437;37005;58;10688.8;0
1438;56003.5;18;36399;0
1439;58038.9;54;53823;0
1440;29237.2;24;23916.4;0
1441;33265.7;21;59684.4;1
1442;66236.9;35;27569.7;0
1443;41978.7;52;16039.2;0
1444;63453.2;23;10668.3;1
1445;24985.5;50;20171.3;0
1446;53593.1;62;14281.8;0
1447;54179.7;52;10028;0
1448;20126.4;36;14323.5;0
1449;51180.8;56;28754.4;0
1450;36455.7;38;34370.7;0
1451;39188.9;22;35451.6;0
1452;47852.9;38;32953.2;0
1453;20014.4;43;24263;0
1454;28630;27;44069.9;1
1455;66688.9;48;96903;0
1456;53226.1;43;56866.4;0
1457;35609.4;47;25740.9;0
1458;64065.6;43;77171.7;0
1459;54935.6;42;79218.3;0
1460;67800.5;28;50351.3;0
1461;46893.3;43;91318.6;0
1462;54648.9;56;10674.7;0
1463;31410.5;36;57972.9;0
1464;36989.5;33;55655.5;0
1465;33198.1;30;42853.8;1
1466;47704.3;21;27170.7;0
1467;30569.5;37;47525.5;0
1468;61398.6;63;90081.5;0
1469;67750.8;33;68559.8;0
1470;47637.8;51;67086.7;0
1471;38357.5;25;25484.1;0
1472;43156.3;27;24130.1;0
1473;41101.5;35;52401.1;0
1474;59475.4;36;26282.6;0
1475;40708.9;32;55323.4;1
1476;30391.4;59;20726.3;0
1477;46024.1;24;43183.7;0
1478;66529.4;59;63376.7;0
1479;68115.9;37;74585.5;0
1480;38423;29;36765.6;0
1481;33227.2;23;64704.1;1
1482;61674.4;54;40545.5;0
1483;26931;41;36686.4;0
1484;60040.9;44;26596.9;0
1485;26181.2;42;26189.7;0
1486;61552.2;61;40425.3;0
1487;29705;41;19122;0
1488;53934.8;21;20858.1;0
1489;23007.3;48;22967.9;0
1490;48552.8;29;56508.8;0
1491;66370.8;63;51763.6;0
1492;49140.2;43;88326.5;0
1493;39684.9;33;25909.2;0
1494;32025.4;37;21748.8;0
1495;55568.1;42;61148.6;0
1496;45898.5;24;56171.7;1
1497;39217.9;30;86462.4;0
1498;34070.6;27;14016.8;0
1499;66768.3;49;42553.6;0
1500;31400.8;62;44644;0
1501;49335.7;43;25496.2;0
1502;51774;47;15087.6;0
1503;43064.6;43;78704.7;0
1504;41226.1;49;21556.6;0
1505;43044.5;60;16617.1;0
1506;33546.2;54;53472.9;0
1507;69209.3;26;62848.3;0
1508;32291.5;39;27738.7;0
1509;66274;21;11576.5;1
1510;34102.7;42;12692.5;0
1511;21144.5;21;70336.3;0
1512;41049.9;49;58901.1;0
1513;36351.2;33;66198.3;1
1514;63144.4;32;81257.2;0
1515;32086.9;28;63623.9;1
1516;28873.1;62;99257.7;0
1517;65359.2;18;77072.4;0
1518;49064.2;43;56363.5;0
1519;23763;39;29503.1;0
1520;51845.9;43;87508.3;0
1521;67035.3;46;11276.6;0
1522;49240.7;53;80043.5;0
1523;36132.3;18;30093.9;0
1524;67006.8;36;36921.6;0
1525;39453.6;32;43693.5;0
1526;52205.6;24;11351.5;0
1527;46319.4;45;15230.7;0
1528;29398.7;41;46737.6;0
1529;31135.6;19;24579.1;0
1530;65603.8;19;11775.3;1
1531;41362.5;44;60796.5;0
1532;60302.5;52;65096.9;0
1533;54468.2;23;68625.4;0
1534;47683.7;32;47522.8;0
1535;38160.1;31;34299;0
1536;22925.8;34;25472.7;0
1537;64087.8;38;72251.9;0
1538;65824.5;40;26431;0
1539;53451.9;49;10529.7;0
1540;36455.4;35;24641.6;0
1541;39573.3;29;57858.8;1
1542;41052.3;49;46529.5;0
1543;37895.1;54;60713.4;0
1544;44827.2;56;26399.1;0
1545;28341;39;22482.4;0
1546;56887.2;36;10969.5;0
1547;25146.5;21;28906.5;0
1548;54739.1;28;72189.6;1
1549;30497.2;28;45735.9;1
1550;25358.8;41;22202.2;0
1551;29993.5;49;27495.8;0
1552;64675.7;30;46286;0
1553;56256;22;54522.4;0
1554;31702.3;28;35877.2;0
1555;34113.1;30;63601.5;1
1556;44666;54;75484.4;0
1557;39421.3;26;61119.6;1
1558;21683.1;46;33959.2;0
1559;65697.5;36;56446.5;0
1560;68657.7;35;24279.4;0
1561;66981.4;27;66785.6;0
1562;45971.1;27;47764.9;0
1563;42965.9;45;81090.5;0
1564;50895.8;18;55568.3;0
1565;46175;36;10640.8;0
1566;44984.8;51;45846.1;0
1567;66941.8;22;12380.6;1
1568;31022.1;39;61449.3;0
1569;46583.1;32;62412.7;1
1570;56201.8;43;83463.2;0
1571;31587;56;26778.2;0
1572;40716.1;25;23897;0
1573;64966;28;11495.7;1
1574;68503.2;19;35804.6;0
1575;33867.5;30;57140.2;1
1576;54195;39;66498;0
1577;50565.3;62;69319.6;0
1578;57216.1;31;35543.8;0
1579;29849.9;39;36788.9;0
1580;29072.1;38;15894.3;0
1581;29775.1;21;33272.3;0
1582;46672.7;54;14084.9;0
1583;66393.7;58;95404.1;0
1584;29338.2;25;51204;1
1585;67289.5;26;13376.7;1
1586;45980.3;31;59290.9;1
1587;34163.6;45;66174;0
1588;52216.8;23;68033.3;1
1589;62313.2;60;92579.5;0
1590;49205.6;24;33938.5;0
1591;65688.7;24;36738.7;0
1592;43489.8;51;65010.4;0
1593;40966.6;46;23935.2;0
1594;37261.4;23;20755.1;0
1595;58775.4;45;56735.9;0
1596;39395.8;36;75578.7;0
1597;21144.1;58;98779.4;0
1598;33126.1;50;41699.9;0
1599;30931.5;35;10747.8;0
1600;31936.9;59;40879.9;0
1601;38157;51;56280.1;0
1602;21032.8;30;40240.8;1
1603;50238.5;34;25676.1;0
1604;67346.6;34;67521.2;0
1605;33261.6;18;58665.1;0
1606;53113;59;10080.5;0
1607;42749.9;56;46265.3;0
1608;42108.1;26;10209.7;0
1609;61344.5;20;71726.5;0
1610;54738.6;26;62107.2;0
1611;69695.1;26;84182.5;1
1612;62507.3;27;65907.7;0
1613;61922.7;24;19330.8;0
1614;58023.7;42;27857.7;0
1615;27010.8;36;23731.7;0
1616;21194.6;25;11028.4;0
1617;68338;34;12840.6;1
1618;67772.7;41;50379.3;0
1619;67131.8;58;22714;0
1620;33159.2;42;21355.3;0
1621;66087;51;11039.2;0
1622;60362.3;24;10306.7;1
1623;54609.4;18;56182;0
1624;63637.2;26;99552.2;1
1625;40918.5;37;38136.9;0
1626;51486.1;33;39551.1;0
1627;44896.2;48;37876.3;0
1628;24877.6;29;15464.2;0
1629;52263.3;34;10161.9;1
1630;42775.5;39;61459.8;0
1631;67064;18;89452.8;1
1632;50307.9;51;72079.4;0
1633;37432.6;22;44455;0
1634;30084.1;18;73725.3;0
1635;61427.4;20;21633.1;0
1636;54718.8;29;28832.8;0
1637;47923.5;57;69317.1;0
1638;22880.7;18;19092.1;0
1639;46118.5;23;27283.1;0
1640;35082.3;41;29184.7;0
1641;38387.3;30;64535;1
1642;57413.5;43;94212.9;0
1643;28198;62;43707.9;0
1644;50117.8;32;35990.6;0
1645;34876.3;53;31023.4;0
1646;64126.4;19;49569.4;0
1647;41916.6;48;61061;0
1648;50052.2;27;55893.2;0
1649;39158.9;41;68877.3;0
1650;62219;19;58315.2;0
1651;67151.3;51;39416.9;0
1652;46166.1;25;90175.3;0
1653;23881.7;32;11906.3;0
1654;48445.1;38;87334.4;0
1655;32441.6;58;84071.4;0
1656;33820.1;61;43421.7;0
1657;61812.9;52;31243.1;0
1658;25347.5;61;21885;0
1659;33965.5;43;31238.9;0
1660;23641.7;56;42035;0
1661;50660.9;52;75110;0
1662;44037.2;58;52695.1;0
1663;51657.1;35;60935;0
1664;46573.2;53;55332.9;0
1665;26922.4;44;39500;0
1666;48414.2;21;21057;0
1667;43974.8;47;83714.9;0
1668;65913.8;22;12972.4;1
1669;64715.9;60;11173.8;0
1670;25481.9;48;40058.1;0
1671;54170.5;37;10489.3;0
1672;51653.7;19;18534.1;0
1673;66054.5;39;10321;0
1674;60019.4;19;69783.4;0
1675;31523.9;62;56970.2;0
1676;65660.9;22;93152.6;0
1677;61893.4;19;60381.6;0
1678;49230;47;83757.2;0
1679;38337.8;55;56910.9;0
1680;64016.4;44;10048.3;0
1681;46308.6;40;68154.8;0
1682;66209.1;45;71346.5;0
1683;47770.7;33;53668.6;0
1684;29856.4;18;47318.1;1
1685;21451.4;52;17190.3;0
1686;59673.1;57;75336.7;0
1687;47481.4;20;94028.7;1
1688;36219.7;56;42807.9;0
1689;59458.7;56;15133.2;0
1690;67010.8;51;11646.9;0
1691;58693.4;27;40331.5;0
1692;43041;46;22455;0
1693;31920.4;52;21718.7;0
1694;32771.1;58;18536.8;0
1695;55487.1;32;17869.2;0
1696;68406.8;46;24914.6;0
1697;37277.1;28;42426.4;0
1698;39762.5;25;38093.4;0
1699;41674.2;54;32032;0
1700;25789.7;45;44423.3;0
1701;24575;36;16677.4;0
1702;58082.3;60;91756.6;0
1703;67881.8;53;10503.5;0
1704;50115;26;34470;0
1705;40443.2;33;18572.5;0
1706;65824.8;19;15494.5;0
1707;51199.8;22;40648.1;0
1708;67032.2;44;54878.2;0
1709;42205.6;23;24447.3;0
1710;37730.3;52;52735.5;0
1711;47398.3;50;90418.7;0
1712;48933.2;50;50713.7;0
1713;53078.8;49;10566.3;0
1714;53236.9;57;70360.2;0
1715;58121.9;58;51611;0
1716;57261.1;40;25277.5;0
1717;52102.5;19;87998.1;1
1718;45165.9;37;55345.5;0
1719;58809.2;37;54705.8;0
1720;36598.3;41;68492.9;0
1721;62096.2;25;80347.4;1
1722;68114;47;43250.9;0
1723;67978.4;23;73825;0
1724;26615.5;53;34581.9;0
1725;51254.3;50;87472;0
1726;34428.9;27;60166.1;1
1727;60974.5;33;61656.5;0
1728;63330.7;30;51708.9;0
1729;58168.4;27;29353.6;0
1730;59579.6;51;23193.6;0
1731;52219.8;47;65604.6;0
1732;28700.8;28;50903.1;1
1733;27193.7;21;45188.5;1
1734;67417.5;29;64784;0
1735;57341.4;23;78489.4;0
1736;64056.5;48;59828;0
1737;66370.6;38;59060.3;0
1738;45045.4;58;84894;0
1739;58609.1;22;42705.3;0
1740;53289;32;73955.1;1
1741;60309.3;34;23430.7;0
1742;45139.4;19;17436.9;0
1743;22815.6;61;27490.7;0
1744;45215;27;38385;0
1745;40568;35;59903.1;0
1746;43721.2;55;59233.9;0
1747;38129.7;19;39647.2;0
1748;22547.9;57;29572.9;0
1749;57468;62;84529.5;0
1750;25534.6;37;10849.6;0
1751;26325.5;56;33361.3;0
1752;65913.8;36;11738.9;0
1753;67119.1;18;27252.4;0
1754;62020.4;56;11420.9;0
1755;37965.8;27;29905.4;0
1756;62114.8;30;12115.8;1
1757;36871;46;79271.1;0
1758;65030.9;36;22319.7;0
1759;23193.6;41;54859.6;0
1760;59568.6;40;76853.2;0
1761;50527.5;26;56392.4;0
1762;60776.1;34;10382.4;1
1763;61632.2;34;30285.9;0
1764;45930.4;49;77652.5;0
1765;25857.7;41;18102.3;0
1766;55093.9;55;64853;0
1767;42301.3;19;14806.1;0
1768;51903.5;59;88078.6;0
1769;64398.1;35;16749;0
1770;41089.5;57;99718.4;0
1771;36727.5;24;79455.6;0
1772;38163.3;63;45430.7;0
1773;35949.8;56;36801.7;0
1774;44979.8;32;60450.8;1
1775;48211.5;30;26061.2;0
1776;28267;54;96537.3;0
1777;33816.2;60;52657.4;0
1778;33078.9;36;62783.1;0
1779;36019.8;42;29879.6;0
1780;34238.5;63;60029.3;0
1781;62064.5;22;29723.8;0
1782;44867.6;55;36610.1;0
1783;37162.8;28;31105.3;0
1784;65680.9;62;88382.3;0
1785;58772.8;46;70480;0
1786;32435.2;43;56854;0
1787;58028.2;50;57538.9;0
1788;60595.2;62;45344.9;0
1789;36565.8;19;18883.3;0
1790;20742.6;61;22958.1;0
1791;46666.6;18;76778.2;1
1792;32203.5;61;83802.1;0
1793;36535.3;29;27172.5;0
1794;28163.2;58;21211.5;0
1795;39019.3;31;31965.5;0
1796;24709;54;19153.8;0
1797;43052.9;31;48893.7;0
1798;25003.9;53;21837.1;0
1799;46696.8;34;47324.9;0
1800;50112.4;41;50670.3;0
1801;43265.9;44;61940.7;0
1802;67802.6;49;13443.4;0
1803;55408.7;43;10300.2;0
1804;67048.8;55;10839.9;0
1805;40262.5;51;65358.5;0
1806;46427.4;61;56714.5;0
1807;46911.1;23;42638.5;0
1808;57359.5;34;10011.4;1
1809;34569.3;63;62545.2;0
1810;52797.4;21;10804.2;0
1811;56630.3;57;84428.9;0
1812;45245.7;35;19740;0
1813;20803.6;61;75843.4;0
1814;57717.6;48;31532.2;0
1815;20647.8;20;72545.6;0
1816;59046.4;36;82370.4;0
1817;62662.2;25;19659.2;0
1818;33614.4;46;48377.8;0
1819;48765.1;50;51838.5;0
1820;57240.7;41;31362.7;0
1821;49973.6;43;36389.9;0
1822;41255.9;45;52969;0
1823;61129.7;35;11302.7;0
1824;48938.5;59;30288.3;0
1825;68648.2;27;94257;1
1826;41250.8;39;76515.7;0
1827;22415.6;40;43717.1;0
1828;24112.4;35;32854.9;0
1829;41692.6;62;17087.1;0
1830;23516.7;27;55990.5;0
1831;53812.2;44;32450.4;0
1832;29750.2;45;36279.8;0
1833;22633.6;37;55352;0
1834;28713.8;54;19368.1;0
1835;63321.9;19;80929.8;1
1836;35276.5;28;68203.1;1
1837;35914.6;60;52099.6;0
1838;31568.1;63;50674.1;0
1839;39934;31;18474.4;0
1840;48614.8;61;59849.5;0
1841;29838.1;25;59136.4;1
1842;57745.3;36;55404.6;0
1843;44447.5;32;27144;0
1844;51768;30;66320.3;1
1845;34891.1;55;61523.1;0
1846;45382.8;42;27424.5;0
1847;40719.4;22;64150.8;1
1848;55145.7;57;89686.7;0
1849;48752.4;30;89347.8;1
1850;55763.4;30;79138.3;1
1851;36431.1;46;67833.6;0
1852;40522.8;63;77207.8;0
1853;42465.6;58;73149.7;0
1854;38561.9;45;48311.1;0
1855;54957.4;59;69764.6;0
1856;24822;29;23611.6;0
1857;25252.4;23;43486.7;0
1858;25671.7;18;22721.4;0
1859;60672.1;43;62796.8;0
1860;60729.9;40;50068.5;0
1861;40240.7;26;74986.3;1
1862;57513.8;33;69214.9;1
1863;64287.3;45;63015.9;0
1864;48428;33;77184.7;1
1865;55313.8;25;97331.1;1
1866;27045.3;50;25037.8;0
1867;58216;27;95818.3;1
1868;34722.9;22;40734.1;0
1869;58503.7;42;70504.3;0
1870;55299.7;62;80523.8;0
1871;49501.9;50;22268.1;0
1872;61765.7;59;36496.4;0
1873;48430.9;18;60696.4;1
1874;66366.9;41;46501.1;0
1875;55320.7;29;59907.1;0
1876;48774.2;62;37284.8;0
1877;61679.9;24;30600.3;0
1878;61485.1;60;32116.7;0
1879;24402.4;52;10121.8;0
1880;21258.9;54;70661.9;0
1881;48763.6;28;81720.5;1
1882;24406.8;37;17334;0
1883;61693.5;25;15688.6;0
1884;22748;26;10862.9;0
1885;21479.9;24;10980.7;0
1886;51286.6;45;11342.3;0
1887;27153.6;48;31775.1;0
1888;36370.4;39;28552.1;0
1889;32400.5;61;35917.9;0
1890;60434.1;63;24742.4;0
1891;57303.4;52;10491.6;0
1892;42994.6;36;44538.2;0
1893;68339.8;23;25058.6;0
1894;49292.3;20;96713.4;0
1895;57802.4;43;67965.9;0
1896;50779.3;39;68598.3;0
1897;35993.9;53;93895.8;0
1898;21771.1;33;35044.5;0
1899;61414.8;56;97436;0
1900;35784.6;46;11020.2;0
1901;24791.1;39;48446.8;0
1902;49048.7;52;63631.1;0
1903;69852;62;92462.6;0
1904;21217.7;21;26907.6;1
1905;48031;43;78263.2;0
1906;64072.3;61;24260;0
1907;56689.4;41;57405.9;0
1908;45769.2;55;82364.7;0
1909;35020.4;24;68328;1
1910;56751.9;59;78773.3;0
1911;27363.6;44;32152.6;0
1912;48455.7;27;17805;0
1913;21424;36;17952.2;0
1914;69992.3;41;52872.1;0
1915;68110.2;32;11029.6;1
1916;48015.5;28;54008.2;0
1917;23102.2;35;17795.7;0
1918;46134.8;54;87166.1;0
1919;48547.9;56;19408.7;0
1920;26095;58;51434.9;0
1921;64057.8;59;57742.8;0
1922;24454.1;52;86496.8;0
1923;40506.9;52;59615.3;0
1924;43421;27;47057.5;0
1925;55881.5;33;83830.7;1
1926;45917.6;45;82532.7;0
1927;52901.9;60;72937.7;0
1928;41183.8;56;76069.9;0
1929;25379.9;24;46931.1;1
1930;27514;36;19214.4;0
1931;44241.2;19;87331.7;1
1932;29076.3;41;28626.4;0
1933;60536.9;32;31325.5;0
1934;47881.9;38;55756.3;0
1935;49144.3;51;16330.3;0
1936;33707.8;59;32157.8;0
1937;46442.2;28;14845.6;0
1938;25602.9;28;22149.2;0
1939;61236.3;36;65629;0
1940;48187.3;55;20034.1;0
1941;29933.2;18;59535.2;1
1942;41027.9;44;43692.1;0
1943;49990.6;45;18967.5;0
1944;59792.5;24;66024.1;0
1945;35879.5;41;53354;0
1946;29102.2;27;18904.4;0
1947;30047.8;51;57687.4;0
1948;59299.1;36;49440.5;0
1949;64484;33;13916;0
1950;36352.4;43;62392.4;0
1951;66034.7;60;39137.8;0
1952;51650.2;40;37430;0
1953;31898.1;41;20151.8;0
1954;58780.2;18;50297;0
1955;67754.1;42;29899.5;0
1956;48500.2;61;70546;0
1957;55704.7;48;55943.3;0
1958;50458.9;52;98528.8;0
1959;48263;28;77987.9;1
1960;38755.1;56;42444.9;0
1961;68131.6;57;78132.3;0
1962;28991.4;37;12493.4;0
1963;35108.5;40;40029.9;0
1964;28858.5;23;37648.1;1
1965;22800.7;28;37409;1
1966;29572.9;39;50062.5;0
1967;21982;34;42651.7;1
1968;45576.8;38;49526.5;0
1969;55068.6;51;48527.6;0
1970;56441;43;90437.5;0
1971;68047.9;47;40230.6;0
1972;36275.7;30;64438.4;0
1973;52389.3;54;10398.8;0
1974;23678.3;47;17798.1;0
1975;37707.6;31;26829;0
1976;57753.5;54;50674.4;0
1977;30529.9;47;60468.4;0
1978;44022.2;31;17076.7;0
1979;58533.8;40;78324.4;0
1980;33702.5;48;92203.6;0
1981;40236.8;52;43543.1;0
1982;62619.1;43;39596.1;0
1983;50738.3;45;97195.6;0
1984;64466.7;33;85373.6;1
1985;64636.4;60;25831;0
1986;22371.5;39;22918.5;0
1987;67994.9;38;72890.1;0
1988;49640;20;57608.5;0
1989;42067.2;24;46016;0
1990;43662;25;72695.9;1
1991;34237.5;34;26580.9;0
1992;26300.4;45;23173.9;0
1993;30803.8;23;62302.4;0
1994;54421.4;26;32736.3;0
1995;24254.7;37;22252.8;0
1996;59221;48;19267.2;0
1997;69516.1;23;35031.7;0
1998;44311.4;28;55227.8;1
1999;43756;63;16227.2;0
2000;69436.5;56;73788.3;0
